CustomerIDCard,Name,AccountNumber,PhoneNumber,EmergencyName,EmergencyPhone
12655481,Manas Kavi,6.30E+15,9219981233,Jaka Navi,9452321212
10419721,Elysee Gillham,3.56E+15,5239426570,Delilah Caldes,4733404432
12823723,Addia Biddles,6.76E+15,2498083626,Walt Junkinson,3876982268
20348224,Krista Wilding,6.39E+15,3191433585,Judi Tunkin,4563737644
14994408,Millisent Bramah,4.03E+15,3666066716,Ilka Wray,9061611806
12567646,Neilla Copcott,5.10E+15,1759614239,Annabela Gretton,6954029450
14449457,Jacqueline Hunnicutt,2.01E+15,2018751938,Cory Mercer,1262896974
12926387,Nathanial Sulter,3.57E+15,5994708959,Gunilla Iacovacci,8179794297
12134943,Ulla Stanislaw,2.02E+15,7845584896,Carlo Riep,2748591511
18293083,Lonni Andree,5.01E+15,1735059447,Oberon Veighey,6699394050
18059604,Carce Gott,5.10E+15,4267506617,Milo Allgood,2383557489
17383880,Stavros Crocetti,3.54E+15,1407531553,Jobi Steiner,8205697951
18270465,Nissy Renney,5.11E+15,5888097751,Tiffi Patterfield,8411378562
15685710,Norma Peinke,3.58E+15,8676722905,Katharina Coweuppe,9476475776
20071611,Nikolos Bezants,5.10E+15,7162534255,Hiram Stammirs,7466953975
15852779,Aaron Aucutt,3.59E+15,1872576353,Kevin Althrop,4946968750
17472400,Tyrus Duckels,3.55E+15,7014585848,Arluene Glusby,4434917308
20543913,Kit Folds,3.54E+15,2597176886,Alisun Inglish,4047890933
24040614,Adey Follitt,5.10E+15,2876768502,Alli Stratten,7213835174
10330509,Holli Mountstephen,6.76E+15,8863917933,Ricoriki Tomaskov,8353328380
23655489,Doti Dorwood,5.53E+15,1753588673,Ki Glowinski,5681169943
12837434,Orbadiah Vinick,2.02E+15,4299934844,Ernst Gilling,1618146625
23028056,Twyla Cremer,6.39E+15,8587196942,Garrett Memmory,1852283370
10435012,Dan Buterton,5.60E+15,2587626884,Irwinn Durrad,1565922438
19274376,Sandro Stang-Gjertsen,2.01E+15,5891169594,Jamil Webling,2755972508
